Workbook

Sheet RawPrices
A1: Brand | B1: Product | C1: Category | D1: Format | E1: Stock Status | F1: Weight (g) | G1: Price | H1: Price/100g
A2: Ispahani | B2: Mirzapore Best Leaf Tea | C2: =IF(Table2[[#This Row],[Brand]]="Kazi & Kazi", IF(ISNUMBER(SEARCH("Black",Table2[[#This Row],[Product]])),"Black Tea", IF(ISNUMBER(SEARCH("Green",Table2[[#This Row],[Product]])),"Green Tea","Specialty/Herbal")), "") | D2: Loose | E2: In Stock | F2: 500 | G2: 270 | H2: =Table2[[#This Row],[Price ]]/Table2[[#This Row],[Weight (g)]]*100 -> 54
A3: Ispahani | B3: Mirzapore Tea Bag | C3: =IF(Table2[[#This Row],[Brand]]="Kazi & Kazi", IF(ISNUMBER(SEARCH("Black",Table2[[#This Row],[Product]])),"Black Tea", IF(ISNUMBER(SEARCH("Green",Table2[[#This Row],[Product]])),"Green Tea","Specialty/Herbal")), "") | D3: Teabag | E3: In Stock | F3: 100 | G3: 100 | H3: =Table2[[#This Row],[Price ]]/Table2[[#This Row],[Weight (g)]]*100 -> 100
A4: Ispahani | B4: Mirzapore Best Leaf Tea | C4: =IF(Table2[[#This Row],[Brand]]="Kazi & Kazi", IF(ISNUMBER(SEARCH("Black",Table2[[#This Row],[Product]])),"Black Tea", IF(ISNUMBER(SEARCH("Green",Table2[[#This Row],[Product]])),"Green Tea","Specialty/Herbal")), "") | D4: Loose | E4: In Stock | F4: 400 | G4: 230 | H4: =Table2[[#This Row],[Price ]]/Table2[[#This Row],[Weight (g)]]*100 -> 57.5
A5: Ispahani | B5: Mirzapore Best Leaf Tea | C5: =IF(Table2[[#This Row],[Brand]]="Kazi & Kazi", IF(ISNUMBER(SEARCH("Black",Table2[[#This Row],[Product]])),"Black Tea", IF(ISNUMBER(SEARCH("Green",Table2[[#This Row],[Product]])),"Green Tea","Specialty/Herbal")), "") | D5: Loose | E5: In Stock | F5: 200 | G5: 116 | H5: =Table2[[#This Row],[Price ]]/Table2[[#This Row],[Weight (g)]]*100 -> 58
A6: Ispahani | B6: Mirzapore BOP Tea | C6: =IF(Table2[[#This Row],[Brand]]="Kazi & Kazi", IF(ISNUMBER(SEARCH("Black",Table2[[#This Row],[Product]])),"Black Tea", IF(ISNUMBER(SEARCH("Green",Table2[[#This Row],[Product]])),"Green Tea","Specialty/Herbal")), "") | D6: Loose | E6: In Stock | F6: 500 | G6: 240 | H6: =Table2[[#This Row],[Price ]]/Table2[[#This Row],[Weight (g)]]*100 -> 48
A7: Ispahani | B7: Mirzapore Red Dust (RD) Tea | C7: =IF(Table2[[#This Row],[Brand]]="Kazi & Kazi", IF(ISNUMBER(SEARCH("Black",Table2[[#This Row],[Product]])),"Black Tea", IF(ISNUMBER(SEARCH("Green",Table2[[#This Row],[Product]])),"Green Tea","Specialty/Herbal")), "") | D7: Loose | E7: Out of Stock | F7: 400 | G7: 185 | H7: =Table2[[#This Row],[Price ]]/Table2[[#This Row],[Weight (g)]]*100 -> 46.25
A8: Ispahani | B8: Blender's Choice Premium Black Tea | C8: Premium Tea | D8: Loose | E8: In Stock | F8: 400 | G8: 310 | H8: =Table2[[#This Row],[Price ]]/Table2[[#This Row],[Weight (g)]]*100 -> 77.5
A9: Ispahani | B9: Blender's Choice Premium Black Tea | C9: Premium Tea | D9: Loose | E9: In Stock | F9: 200 | G9: 160 | H9: =Table2[[#This Row],[Price ]]/Table2[[#This Row],[Weight (g)]]*100 -> 80
A10: Ispahani | B10: Blender's Choice Premium Green Tea Bag | C10: Premium Tea | D10: Teabag | E10: In Stock | F10: 70 | G10: 205 | H10: =Table2[[#This Row],[Price ]]/Table2[[#This Row],[Weight (g)]]*100 -> 292.85714
A11: Ispahani | B11: Blender's Choice Premium Green Tea Bag | C11: Premium Tea | D11: Teabag | E11: Out of Stock | F11: 35 | G11: 110 | H11: =Table2[[#This Row],[Price ]]/Table2[[#This Row],[Weight (g)]]*100 -> 314.28571
A12: Ispahani | B12: Blender's Choice Black Tea | C12: Premium Tea | D12: Loose | E12: In Stock | F12: 400 | G12: 310 | H12: =Table2[[#This Row],[Price ]]/Table2[[#This Row],[Weight (g)]]*100 -> 77.5
A13: Ispahani | B13: Mirzapore PD Tea | C13: =IF(Table2[[#This Row],[Brand]]="Kazi & Kazi", IF(ISNUMBER(SEARCH("Black",Table2[[#This Row],[Product]])),"Black Tea", IF(ISNUMBER(SEARCH("Green",Table2[[#This Row],[Product]])),"Green Tea","Specialty/Herbal")), "") | D13: Loose | E13: In Stock | F13: 500 | G13: 232 | H13: =Table2[[#This Row],[Price ]]/Table2[[#This Row],[Weight (g)]]*100 -> 46.4
A14: Kazi & Kazi | B14: Organic Green Tea | C14: =IF(Table2[[#This Row],[Brand]]="Kazi & Kazi", IF(ISNUMBER(SEARCH("Black",Table2[[#This Row],[Product]])),"Black Tea", IF(ISNUMBER(SEARCH("Green",Table2[[#This Row],[Product]])),"Green Tea","Specialty/Herbal")), "") -> Green Tea | D14: Teabag | E14: In Stock | F14: 60 | G14: 215 | H14: =Table2[[#This Row],[Price ]]/Table2[[#This Row],[Weight (g)]]*100 -> 358.33333
A15: Kazi & Kazi | B15: Organic Tea Turmeric Infusion | C15: =IF(Table2[[#This Row],[Brand]]="Kazi & Kazi", IF(ISNUMBER(SEARCH("Black",Table2[[#This Row],[Product]])),"Black Tea", IF(ISNUMBER(SEARCH("Green",Table2[[#This Row],[Product]])),"Green Tea","Specialty/Herbal")), "") -> Specialty/Herbal | D15: Teabag | E15: In Stock | F15: 60 | G15: 295 | H15: =Table2[[#This Row],[Price ]]/Table2[[#This Row],[Weight (g)]]*100 -> 491.66667
A16: Kazi & Kazi | B16: Organic Orthodox Green Tea | C16: =IF(Table2[[#This Row],[Brand]]="Kazi & Kazi", IF(ISNUMBER(SEARCH("Black",Table2[[#This Row],[Product]])),"Black Tea", IF(ISNUMBER(SEARCH("Green",Table2[[#This Row],[Product]])),"Green Tea","Specialty/Herbal")), "") -> Green Tea | D16: Loose | E16: In Stock | F16: 100 | G16: 215 | H16: =Table2[[#This Row],[Price ]]/Table2[[#This Row],[Weight (g)]]*100 -> 215
A17: Kazi & Kazi | B17: Organic Pristine Black Tea | C17: =IF(Table2[[#This Row],[Brand]]="Kazi & Kazi", IF(ISNUMBER(SEARCH("Black",Table2[[#This Row],[Product]])),"Black Tea", IF(ISNUMBER(SEARCH("Green",Table2[[#This Row],[Product]])),"Green Tea","Specialty/Herbal")), "") -> Black Tea | D17: Loose | E17: Out of Stock | F17: 200 | G17: 140 | H17: =Table2[[#This Row],[Price ]]/Table2[[#This Row],[Weight (g)]]*100 -> 70
A18: Kazi & Kazi | B18: Organic Tulsi Tea | C18: =IF(Table2[[#This Row],[Brand]]="Kazi & Kazi", IF(ISNUMBER(SEARCH("Black",Table2[[#This Row],[Product]])),"Black Tea", IF(ISNUMBER(SEARCH("Green",Table2[[#This Row],[Product]])),"Green Tea","Specialty/Herbal")), "") -> Specialty/Herbal | D18: Teabag | E18: In Stock | F18: 60 | G18: 195 | H18: =Table2[[#This Row],[Price ]]/Table2[[#This Row],[Weight (g)]]*100 -> 325
A19: Kazi & Kazi | B19: Organic Green Mint Tea | C19: =IF(Table2[[#This Row],[Brand]]="Kazi & Kazi", IF(ISNUMBER(SEARCH("Black",Table2[[#This Row],[Product]])),"Black Tea", IF(ISNUMBER(SEARCH("Green",Table2[[#This Row],[Product]])),"Green Tea","Specialty/Herbal")), "") -> Green Tea | D19: Teabag | E19: In Stock | F19: 37.5 | G19: 295 | H19: =Table2[[#This Row],[Price ]]/Table2[[#This Row],[Weight (g)]]*100 -> 786.66667
A20: Kazi & Kazi | B20: Organic Green Lemongrass Tea | C20: =IF(Table2[[#This Row],[Brand]]="Kazi & Kazi", IF(ISNUMBER(SEARCH("Black",Table2[[#This Row],[Product]])),"Black Tea", IF(ISNUMBER(SEARCH("Green",Table2[[#This Row],[Product]])),"Green Tea","Specialty/Herbal")), "") -> Green Tea | D20: Teabag | E20: Out of Stock | F20: 60 | G20: 220 | H20: =Table2[[#This Row],[Price ]]/Table2[[#This Row],[Weight (g)]]*100 -> 366.66667
A21: Kazi & Kazi | B21: Organic Lemongrass Herbal Infusion | C21: =IF(Table2[[#This Row],[Brand]]="Kazi & Kazi", IF(ISNUMBER(SEARCH("Black",Table2[[#This Row],[Product]])),"Black Tea", IF(ISNUMBER(SEARCH("Green",Table2[[#This Row],[Product]])),"Green Tea","Specialty/Herbal")), "") -> Specialty/Herbal | D21: Loose | E21: In Stock | F21: 50 | G21: 195 | H21: =Table2[[#This Row],[Price ]]/Table2[[#This Row],[Weight (g)]]*100 -> 390
A22: Kazi & Kazi | B22: Organic Jasmine Green Tea | C22: =IF(Table2[[#This Row],[Brand]]="Kazi & Kazi", IF(ISNUMBER(SEARCH("Black",Table2[[#This Row],[Product]])),"Black Tea", IF(ISNUMBER(SEARCH("Green",Table2[[#This Row],[Product]])),"Green Tea","Specialty/Herbal")), "") -> Green Tea | D22: Teabag | E22: In Stock | F22: 60 | G22: 215 | H22: =Table2[[#This Row],[Price ]]/Table2[[#This Row],[Weight (g)]]*100 -> 358.33333
A23: Kazi & Kazi | B23: Organic Ginger Tea | C23: =IF(Table2[[#This Row],[Brand]]="Kazi & Kazi", IF(ISNUMBER(SEARCH("Black",Table2[[#This Row],[Product]])),"Black Tea", IF(ISNUMBER(SEARCH("Green",Table2[[#This Row],[Product]])),"Green Tea","Specialty/Herbal")), "") -> Specialty/Herbal | D23: Teabag | E23: In Stock | F23: 60 | G23: 215 | H23: =Table2[[#This Row],[Price ]]/Table2[[#This Row],[Weight (g)]]*100 -> 358.33333
A24: Kazi & Kazi | B24: Organic Black Tea | C24: =IF(Table2[[#This Row],[Brand]]="Kazi & Kazi", IF(ISNUMBER(SEARCH("Black",Table2[[#This Row],[Product]])),"Black Tea", IF(ISNUMBER(SEARCH("Green",Table2[[#This Row],[Product]])),"Green Tea","Specialty/Herbal")), "") -> Black Tea | D24: Teabag | E24: In Stock | F24: 80 | G24: 125 | H24: =Table2[[#This Row],[Price ]]/Table2[[#This Row],[Weight (g)]]*100 -> 156.25
... A35: Kazi & Kazi | B35: Organic Northern Harmony | C35: =IF(Table2[[#This Row],[Brand]]="Kazi & Kazi", IF(ISNUMBER(SEARCH("Black",Table2[[#This Row],[Product]])),"Black Tea", IF(ISNUMBER(SEARCH("Green",Table2[[#This Row],[Product]])),"Green Tea","Specialty/Herbal")), "") -> Specialty/Herbal | D35: Teabag | E35: Out of Stock | F35: 65 | G35: 280 | H35: =Table2[[#This Row],[Price ]]/Table2[[#This Row],[Weight (g)]]*100 -> 430.76923
A36: Kazi & Kazi | B36: Organic Tea Family Pack | C36: Black Tea | D36: Loose | E36: Out of Stock | F36: 400 | G36: 245 | H36: =Table2[[#This Row],[Price ]]/Table2[[#This Row],[Weight (g)]]*100 -> 61.25
A37: Kazi & Kazi | B37: Organic First Flush Black Tea | C37: =IF(Table2[[#This Row],[Brand]]="Kazi & Kazi", IF(ISNUMBER(SEARCH("Black",Table2[[#This Row],[Product]])),"Black Tea", IF(ISNUMBER(SEARCH("Green",Table2[[#This Row],[Product]])),"Green Tea","Specialty/Herbal")), "") -> Black Tea | D37: Loose | E37: Out of Stock | F37: 100 | G37: 220 | H37: =Table2[[#This Row],[Price ]]/Table2[[#This Row],[Weight (g)]]*100 -> 220
A38: Finlay | B38: Gold Tea | C38: =IF(Table2[[#This Row],[Brand]]="Kazi & Kazi", IF(ISNUMBER(SEARCH("Black",Table2[[#This Row],[Product]])),"Black Tea", IF(ISNUMBER(SEARCH("Green",Table2[[#This Row],[Product]])),"Green Tea","Specialty/Herbal")), "") | D38: Loose | E38: In Stock | F38: 200 | G38: 110 | H38: =Table2[[#This Row],[Price ]]/Table2[[#This Row],[Weight (g)]]*100 -> 55
A39: Finlay | B39: Premium Tea | C39: =IF(Table2[[#This Row],[Brand]]="Kazi & Kazi", IF(ISNUMBER(SEARCH("Black",Table2[[#This Row],[Product]])),"Black Tea", IF(ISNUMBER(SEARCH("Green",Table2[[#This Row],[Product]])),"Green Tea","Specialty/Herbal")), "") | D39: Loose | E39: In Stock | F39: 200 | G39: 150 | H39: =Table2[[#This Row],[Price ]]/Table2[[#This Row],[Weight (g)]]*100 -> 75
A40: Finlay | B40: Natural Green Tea | C40: =IF(Table2[[#This Row],[Brand]]="Kazi & Kazi", IF(ISNUMBER(SEARCH("Black",Table2[[#This Row],[Product]])),"Black Tea", IF(ISNUMBER(SEARCH("Green",Table2[[#This Row],[Product]])),"Green Tea","Specialty/Herbal")), "") | D40: Teabag | E40: Out of Stock | F40: 50 | G40: 140 | H40: =Table2[[#This Row],[Price ]]/Table2[[#This Row],[Weight (g)]]*100 -> 280
A41: Finlay | B41: Gold Tea | C41: =IF(Table2[[#This Row],[Brand]]="Kazi & Kazi", IF(ISNUMBER(SEARCH("Black",Table2[[#This Row],[Product]])),"Black Tea", IF(ISNUMBER(SEARCH("Green",Table2[[#This Row],[Product]])),"Green Tea","Specialty/Herbal")), "") | D41: Loose | E41: Out of Stock | F41: 400 | G41: 200 | H41: =Table2[[#This Row],[Price ]]/Table2[[#This Row],[Weight (g)]]*100 -> 50
A42: Finlay | B42: Premium Tea | C42: =IF(Table2[[#This Row],[Brand]]="Kazi & Kazi", IF(ISNUMBER(SEARCH("Black",Table2[[#This Row],[Product]])),"Black Tea", IF(ISNUMBER(SEARCH("Green",Table2[[#This Row],[Product]])),"Green Tea","Specialty/Herbal")), "") | D42: Loose | E42: Out of Stock | F42: 500 | G42: 270 | H42: =Table2[[#This Row],[Price ]]/Table2[[#This Row],[Weight (g)]]*100 -> 54
A43: Finlay | B43: English Breakfast Tea | C43: =IF(Table2[[#This Row],[Brand]]="Kazi & Kazi", IF(ISNUMBER(SEARCH("Black",Table2[[#This Row],[Product]])),"Black Tea", IF(ISNUMBER(SEARCH("Green",Table2[[#This Row],[Product]])),"Green Tea","Specialty/Herbal")), "") | D43: Teabag | E43: Out of Stock | F43: 62.5 | G43: 200 | H43: =Table2[[#This Row],[Price ]]/Table2[[#This Row],[Weight (g)]]*100 -> 320
A44: Seylon | B44: Instant Milk Tea 3 in 1 | C44: =IF(Table2[[#This Row],[Brand]]="Kazi & Kazi", IF(ISNUMBER(SEARCH("Black",Table2[[#This Row],[Product]])),"Black Tea", IF(ISNUMBER(SEARCH("Green",Table2[[#This Row],[Product]])),"Green Tea","Specialty/Herbal")), "") | D44: Stick pack | E44: In Stock | F44: 15 | G44: 10 | H44: =Table2[[#This Row],[Price ]]/Table2[[#This Row],[Weight (g)]]*100 -> 66.666667
A45: Seylon | B45: Gold Tea | C45: =IF(Table2[[#This Row],[Brand]]="Kazi & Kazi", IF(ISNUMBER(SEARCH("Black",Table2[[#This Row],[Product]])),"Black Tea", IF(ISNUMBER(SEARCH("Green",Table2[[#This Row],[Product]])),"Green Tea","Specialty/Herbal")), "") | D45: Loose | E45: In Stock | F45: 500 | G45: 240 | H45: =Table2[[#This Row],[Price ]]/Table2[[#This Row],[Weight (g)]]*100 -> 48
A46: Seylon | B46: Instant Milk Tea 3 in 1 | C46: =IF(Table2[[#This Row],[Brand]]="Kazi & Kazi", IF(ISNUMBER(SEARCH("Black",Table2[[#This Row],[Product]])),"Black Tea", IF(ISNUMBER(SEARCH("Green",Table2[[#This Row],[Product]])),"Green Tea","Specialty/Herbal")), "") | D46: Stick pack | E46: In Stock | F46: 150 | G46: 100 | H46: =Table2[[#This Row],[Price ]]/Table2[[#This Row],[Weight (g)]]*100 -> 66.666667
A47: Seylon | B47: Family Blend Black Tea | C47: =IF(Table2[[#This Row],[Brand]]="Kazi & Kazi", IF(ISNUMBER(SEARCH("Black",Table2[[#This Row],[Product]])),"Black Tea", IF(ISNUMBER(SEARCH("Green",Table2[[#This Row],[Product]])),"Green Tea","Specialty/Herbal")), "") | D47: Loose | E47: In Stock | F47: 400 | G47: 225 | H47: =Table2[[#This Row],[Price ]]/Table2[[#This Row],[Weight (g)]]*100 -> 56.25
A48: Seylon | B48: Family Blend Tea Poly | C48: =IF(Table2[[#This Row],[Brand]]="Kazi & Kazi", IF(ISNUMBER(SEARCH("Black",Table2[[#This Row],[Product]])),"Black Tea", IF(ISNUMBER(SEARCH("Green",Table2[[#This Row],[Product]])),"Green Tea","Specialty/Herbal")), "") | D48: Loose | E48: In Stock | F48: 400 | G48: 225 | H48: =Table2[[#This Row],[Price ]]/Table2[[#This Row],[Weight (g)]]*100 -> 56.25
... A56: Brooke Bond Taaza | B56: Black Tea | C56: =IF(Table2[[#This Row],[Brand]]="Kazi & Kazi", IF(ISNUMBER(SEARCH("Black",Table2[[#This Row],[Product]])),"Black Tea", IF(ISNUMBER(SEARCH("Green",Table2[[#This Row],[Product]])),"Green Tea","Specialty/Herbal")), "") | D56: Teabag | E56: In Stock | F56: 95 | G56: 95 | H56: =Table2[[#This Row],[Price ]]/Table2[[#This Row],[Weight (g)]]*100 -> 100

Sheet PriceSummary
A1: Brand | B1: Parent Company | C1: Min Price per 100g | D1: Max Price per 100g | E1: Avg Price per 100g | F1: Avg Price of Loose tea | G1: Avg price of Teabags | H1: Price Tier | I1: No. of SKUs on Chaldal | J1: SKUs In Stock | K1: In Stock Rate | L1: Out of Stock Rate | M1: Organic Certification | N1: Fairtrade Certification | O1: FB Followers | P1: Export Market | Q1: Distribution (Online/Retail/Both) | R1: Notes
A2: Ispahani | B2: M. M. Ispahani Limited | C2: =_xlfn.MINIFS(RawPrices!H:H,RawPrices!A:A,"Ispahani") -> 46.25 | D2: =_xlfn.MAXIFS(Table2[Price/100g],Table2[Brand],"Ispahani") -> 314.28571 | E2: =AVERAGEIFS(Table2[Price/100g],Table2[Brand],"Ispahani") -> 104.35774 | F2: =AVERAGEIFS(RawPrices!H:H,RawPrices!A:A,"Ispahani",RawPrices!D:D,"Loose") -> 60.572222 | G2: =AVERAGEIFS(RawPrices!H:H,RawPrices!A:A,"Ispahani", RawPrices!D:D,"Teabag") -> 235.71429 | H2: =IF(Table1[[#This Row],[Avg Price per 100g]]<80,"Budget",IF(Table1[[#This Row],[Avg Price per 100g]]<200,"Mid","Premium")) -> Mid | I2: =COUNTIF(Table2[Brand],"Ispahani") -> 12 | J2: =COUNTIFS(Table2[Brand],"Ispahani",Table2[[Stock Status ]],"In Stock") -> 10 | K2: =_xlfn.PERCENTOF(Table1[[#This Row],[SKUs In Stock]],Table1[[#This Row],[No. of SKUs on Chaldal]]) -> 0.83333333 | L2: =_xlfn.PERCENTOF(Table1[[#This Row],[No. of SKUs on Chaldal]]-Table1[[#This Row],[SKUs In Stock]],Table1[[#This Row],[No. of SKUs on Chaldal]]) -> 0.16666667 | M2: No | N2: No | O2: 1100000 | P2: Yes | Q2: Both
A3: Kazi & Kazi | B3: Gemcon Group | C3: =_xlfn.MINIFS(RawPrices!H:H,RawPrices!A:A,"Kazi & Kazi") -> 61.25 | D3: =_xlfn.MAXIFS(Table2[Price/100g],Table2[Brand],"Kazi & Kazi") -> 1306.6667 | E3: =AVERAGEIFS(Table2[Price/100g],Table2[Brand],"Kazi & Kazi") -> 440.25775 | F3: =AVERAGEIFS(RawPrices!H:H,RawPrices!A:A,"Kazi & Kazi",RawPrices!D:D,"Loose") -> 165.3125 | G3: =AVERAGEIFS(RawPrices!H:H,RawPrices!A:A,"Kazi & Kazi", RawPrices!D:D,"Teabag") -> 577.73037 | H3: =IF(Table1[[#This Row],[Avg Price per 100g]]<80,"Budget",IF(Table1[[#This Row],[Avg Price per 100g]]<200,"Mid","Premium")) -> Premium | I3: =COUNTIF(Table2[Brand],"Kazi & Kazi") -> 24 | J3: =COUNTIFS(Table2[Brand],"Kazi & Kazi",Table2[[Stock Status ]],"In Stock") -> 19 | K3: =_xlfn.PERCENTOF(Table1[[#This Row],[SKUs In Stock]],Table1[[#This Row],[No. of SKUs on Chaldal]]) -> 0.79166667 | L3: =_xlfn.PERCENTOF(Table1[[#This Row],[No. of SKUs on Chaldal]]-Table1[[#This Row],[SKUs In Stock]],Table1[[#This Row],[No. of SKUs on Chaldal]]) -> 0.20833333 | M3: Yes | N3: Yes | O3: 200000 | P3: Yes | Q3: Both | R3: Average price split by category due to wide range
A4: Finlay | B4: The Consolidated Tea and Lands Company (Bangladesh) Limited + Baraoora (Sylhet) Tea Company Limited | C4: =_xlfn.MINIFS(RawPrices!H:H,RawPrices!A:A,"Finlay") -> 50 | D4: =_xlfn.MAXIFS(RawPrices!H:H,RawPrices!A:A,"Finlay") -> 320 | E4: =AVERAGEIFS(RawPrices!H:H,RawPrices!A:A,"Finlay") -> 139 | F4: =AVERAGEIFS(RawPrices!H:H,RawPrices!A:A,"Finlay",RawPrices!D:D,"Loose") -> 58.5 | G4: =AVERAGEIFS(RawPrices!H:H,RawPrices!A:A,"Finlay", RawPrices!D:D,"Teabag") -> 300 | H4: =IF(Table1[[#This Row],[Avg Price per 100g]]<80,"Budget",IF(Table1[[#This Row],[Avg Price per 100g]]<200,"Mid","Premium")) -> Mid | I4: =COUNTIF(Table2[Brand],"Finlay") -> 6 | J4: =COUNTIFS(Table2[Brand],"Finlay",Table2[[Stock Status ]],"In Stock") -> 2 | K4: =_xlfn.PERCENTOF(Table1[[#This Row],[SKUs In Stock]],Table1[[#This Row],[No. of SKUs on Chaldal]]) -> 0.33333333 | L4: =_xlfn.PERCENTOF(Table1[[#This Row],[No. of SKUs on Chaldal]]-Table1[[#This Row],[SKUs In Stock]],Table1[[#This Row],[No. of SKUs on Chaldal]]) -> 0.66666667 | M4: No | N4: No | O4: 152000 | P4: Yes | Q4: Both | R4: Only 2/6 SKUs in stock which implies possible distribution or supply issues
A5: Seylon | B5: Abul Khair Group | C5: =_xlfn.MINIFS(Table2[Price/100g],Table2[Brand],"Seylon") -> 39 | D5: =_xlfn.MAXIFS(Table2[Price/100g],Table2[Brand],"Seylon") -> 66.666667 | E5: =AVERAGEIFS(Table2[Price/100g],Table2[Brand],"Seylon") -> 56.119048 | F5: =AVERAGEIFS(RawPrices!H:H,RawPrices!A:A,"Seylon",RawPrices!D:D,"Loose") -> 51.9 | H5: =IF(Table1[[#This Row],[Avg Price per 100g]]<80,"Budget",IF(Table1[[#This Row],[Avg Price per 100g]]<200,"Mid","Premium")) -> Budget | I5: =COUNTIF(Table2[Brand],"Seylon") -> 7 | J5: =COUNTIFS(Table2[Brand],"Seylon",Table2[[Stock Status ]],"In Stock") -> 6 | K5: =_xlfn.PERCENTOF(Table1[[#This Row],[SKUs In Stock]],Table1[[#This Row],[No. of SKUs on Chaldal]]) -> 0.85714286 | L5: =_xlfn.PERCENTOF(Table1[[#This Row],[No. of SKUs on Chaldal]]-Table1[[#This Row],[SKUs In Stock]],Table1[[#This Row],[No. of SKUs on Chaldal]]) -> 0.14285714 | M5: No | N5: No | O5: 511000 | P5: Yes | Q5: Both
A6: Fresh | B6: Meghna Group of Industries | C6: =_xlfn.MINIFS(Table2[Price/100g],Table2[Brand],"Fresh") -> 60 | D6: =_xlfn.MAXIFS(Table2[Price/100g],Table2[Brand],"Fresh") -> 220 | E6: =AVERAGEIFS(Table2[Price/100g],Table2[Brand],"Fresh") -> 125 | F6: =AVERAGEIFS(RawPrices!H:H,RawPrices!A:A,"Fresh",RawPrices!D:D,"Loose") -> 60 | G6: =AVERAGEIFS(RawPrices!H:H,RawPrices!A:A,"Fresh", RawPrices!D:D,"Teabag") -> 157.5 | H6: =IF(Table1[[#This Row],[Avg Price per 100g]]<80,"Budget",IF(Table1[[#This Row],[Avg Price per 100g]]<200,"Mid","Premium")) -> Mid | I6: =COUNTIF(Table2[Brand],"Fresh") -> 3 | J6: =COUNTIFS(Table2[Brand],"Fresh",Table2[[Stock Status ]],"In Stock") -> 1 | K6: =_xlfn.PERCENTOF(Table1[[#This Row],[SKUs In Stock]],Table1[[#This Row],[No. of SKUs on Chaldal]]) -> 0.33333333 | L6: =_xlfn.PERCENTOF(Table1[[#This Row],[No. of SKUs on Chaldal]]-Table1[[#This Row],[SKUs In Stock]],Table1[[#This Row],[No. of SKUs on Chaldal]]) -> 0.66666667 | M6: No | N6: No | O6: 137000 | P6: Yes | Q6: Both
A7: Brooke Bond Taaza | B7: Unilever Bangladesh Limited | C7: =_xlfn.MINIFS(Table2[Price/100g],Table2[Brand],"Brooke Bond Taaza") -> 62.5 | D7: =_xlfn.MAXIFS(Table2[Price/100g],Table2[Brand],"Brooke Bond Taaza") -> 100 | E7: =AVERAGEIFS(Table2[Price/100g],Table2[Brand],"Brooke Bond Taaza") -> 75.833333 | F7: =AVERAGEIFS(RawPrices!H:H,RawPrices!A:A,"Brooke Bond Taaza",RawPrices!D:D,"Loose") -> 63.75 | G7: =AVERAGEIFS(RawPrices!H:H,RawPrices!A:A,"Brooke Bond Taaza", RawPrices!D:D,"Teabag") -> 100 | H7: =IF(Table1[[#This Row],[Avg Price per 100g]]<80,"Budget",IF(Table1[[#This Row],[Avg Price per 100g]]<200,"Mid","Premium")) -> Budget | I7: =COUNTIF(Table2[Brand],"Brooke Bond Taaza") -> 3 | J7: =COUNTIFS(Table2[Brand],"Brooke Bond Taaza",Table2[[Stock Status ]],"In Stock") -> 3 | K7: =_xlfn.PERCENTOF(Table1[[#This Row],[SKUs In Stock]],Table1[[#This Row],[No. of SKUs on Chaldal]]) -> 1 | L7: =_xlfn.PERCENTOF(Table1[[#This Row],[No. of SKUs on Chaldal]]-Table1[[#This Row],[SKUs In Stock]],Table1[[#This Row],[No. of SKUs on Chaldal]]) -> 0 | M7: No | N7: No | O7: 138000 | P7: No | Q7: Both
H8: Total No. of SKUs on Chaldal | I8: =SUBTOTAL(109,Table1[No. of SKUs on Chaldal]) -> 55
